"Basename","CRP"
"ID1",0.285178942233662
"ID2",2.43449016387398
"ID3",-0.659712404473708
"ID4",0.548121408509688
"ID5",0.27002713721306
"ID6",-0.444725822061467
"ID7",2.6748380668961
"ID8",2.66792241001143
"ID9",-0.502526820951296
"ID10",2.24283508858827
